university_name,university_state,sat_verbal,sat_math,academics,social,quality_of_life,target
Adelphi,New York,500,475,2,2,2,private
Boston College,Massachusetts,500,550,4,5,3,private
Boston University,Massachusetts,500,575,4,4,3,private
Cal Tech,California,650,780,5,1,3,private
City College NY,New York,480,525,3,2,2,public
Columbia,New York,625,650,5,3,3,private
Harvard,Massachusetts,700,675,5,3,4,private
Hofstra,New York,500,525,2,2,2,public
MIT,Massachusetts,650,750,5,3,3,private
Stanford,California,625,675,5,4,5,private
Berkely,California,530,600,5,3,3,public
Davis,California,550,600,4,4,4,public
UCLA,California,500,550,4,3,3,public
San Diego,California,550,600,4,4,4,public
USC,California,475,525,4,4,3,private
Worcester,Massachusetts,550,560,4,3,4,private
Queens,New York,450,450,4,3,3,public
University of Lowell,Massachusetts,472,535,3,3,3,public
University of Mass.,Massachusetts,480,510,3,3,3,public
University at Buffalo,New York,450,525,4,2,2,public
